Age Structure,number_of_people,percentage
Age 0 to 14 Years,467128643,0.40222919939506335
Age 15 to 64 Years,651806420,0.5612491942121443
Age above 65 Years,42414346,0.03652160639279233
