Age Structure,number_of_people,percentage
Age from 0 to 14 years,1098332643,0.24323588639201818
Age from 15 to 64 years,3038229000,0.6728438133809841
Age from above 65 years,378942460,0.08392030022699772
