country,population,percentage
China,1440297825,0.18748892911543869
India,1382345085,0.17994500523156734
United States,331341050,0.04313189783264793
Indonesia,274021604,0.03567041218607326
Pakistan,221612785,0.02884816113496523
Brazil,212821986,0.027703830107055037
Nigeria,206984347,0.02694392290892223
Bangladesh,164972348,0.02147506461740264
Russia,145945524,0.018998272113582865
Mexico,129166028,0.016814022660774877
Others,3172533402,0.4129804820915699
